Method;CV F1;CV std;OOS F1;Accuracy;Precision;Recall
LDA;0.8797079430084457;0.008247009472069758;0.8885832187070152;0.8952811893988365;0.9403202328966521;0.8422425032594524
BERTopic;0.9331761064268284;0.0069787613301451916;0.9075862068965517;0.9133807369101486;0.9633967789165446;0.8578878748370273
S3;0.94120745538931;0.004159502990040275;0.9461235216819974;0.9469941822882999;0.9536423841059603;0.9387222946544981
